{
  "id": "cdz",
  "title": "CDZ",
  "version": "1.0.0",
  "compatibility": {
    "minimum": "11",
    "verified": "11"
  },
  "url": "https://github.com/pedrualves/cdz/",
  "manifest": "https://raw.githubusercontent.com/pedrualves/cdz/main/module.json",
  "download": "https://gitlab.com/api/v4/projects/18981643/packages/generic/swade/2.0.0/swade.zip",
  "relationships": {
    "requires": [
      {
        "id": "swade-core-rules-ptbr",
        "type": "module",
        "compatibility": {}
      }
    ],
    "systems": [
      {
        "id": "swade",
        "type": "system",
        "compatibility": {}
      }
    ]
  },
  "description": "Meu cenário adaptado de cavaleiros do zodíaco para swade",
  "authors": [
    {
      "name": "PedroStreameiro",
      "url": "@dadosedestinosrpg"
    }
  ],
  "packs": [
    {
      "name": "ator",
      "label": "Ator",
      "path": "packs/ator",
      "type": "Actor",
      "system": "swade",
      "ownership": {
        "PLAYER": "OBSERVER",
        "ASSISTANT": "OWNER"
      }
    },
    {
      "name": "item",
      "label": "Item",
      "path": "packs/item",
      "type": "Item",
      "system": "swade",
      "ownership": {
        "PLAYER": "OBSERVER",
        "ASSISTANT": "OWNER"
      }
    }
  ]
}